{"cameraMode":{"drawMode":0,"name":"Shaded","section":"Shading Mode"},"sceneLighting":true,"audioPlay":false,"sceneViewState":{"showFog":true,"showMaterialUpdate":false,"showSkybox":true,"showFlares":true,"showImageEffects":true,"showParticleSystems":true},"in2DMode":false,"pivot":{"x":-0.0620993971824646,"y":-0.0013211797922849656,"z":0.0020999982953071596},"rotation":{"x":-0.0068172249011695389,"y":0.9795704483985901,"z":-0.02769778110086918,"w":-0.20045168697834016},"size":0.07220155000686646,"orthographic":true}